First Name,Middle Name,Last Name,Phonetic First Name,Phonetic Middle Name,Phonetic Last Name,Name Prefix,Name Suffix,Nickname,File As,Organization Name,Organization Title,Organization Department,Birthday,Notes,Photo,Labels,E-mail 1 - Label,E-mail 1 - Value,E-mail 2 - Label,E-mail 2 - Value,E-mail 3 - Label,E-mail 3 - Value,E-mail 4 - Label,E-mail 4 - Value,E-mail 5 - Label,E-mail 5 - Value,Phone 1 - Label,Phone 1 - Value,Phone 2 - Label,Phone 2 - Value,Phone 3 - Label,Phone 3 - Value,Phone 4 - Label,Phone 4 - Value,Address 1 - Label,Address 1 - Formatted,Address 1 - Street,Address 1 - City,Address 1 - PO Box,Address 1 - Region,Address 1 - Postal Code,Address 1 - Country,Address 1 - Extended Address,Address 2 - Label,Address 2 - Formatted,Address 2 - Street,Address 2 - City,Address 2 - PO Box,Address 2 - Region,Address 2 - Postal Code,Address 2 - Country,Address 2 - Extended Address,Website 1 - Label,Website 1 - Value
,,,,,,,,,,Dash Bicycle,,,,,,* myContacts,,,,,,,,,,,Mobile,(401) 453-3274,,,,,,,,,,,,,,,,,,,,,,,,,,
,,,,,,,,,,Tri-County Food Bank And Heating Assistance,,,,,,* myContacts,,,,,,,,,,,Work,+1 401-519-1913,,,,,,,,,,,,,,,,,,,,,,,,,,
,,,,,,,,,,Tuft Health,,,,,,* myContacts,,,,,,,,,,,Member Services,1 (866) 738-4116,Provider Services,1 (844) 301-4093,,,,,,,,,,,,,,,,,,,,,,,,
Alicia,,,,,,,,,,,,,,,,* myContacts,,,,,,,,,,,Mobile,(401) 347-9035,,,,,,,Home,"460 Charles St, Providence, RI 02904, USA

Apt 411",Apt 411 460 Charles St,Providence,,RI,02904,USA,,,,,,,,,,,,
Amy,,,,,,,,,,Back To Work RI,,,,"Work hours:
M-F 5pm - 8:30pm
Sat 9am - 1pm",,* myContacts,* Home,Amy.Vanover@riopc.edu,,,,,,,,,Work,+1 401-208-5144,Main,401-736-1100,,,,,Work,"560 Jefferson Blvd, Warwick, RI 02886, USA",560 Jefferson Blvd,Warwick,,RI,02886,USA,,,,,,,,,,,Other,https://www.riopc.edu/
Ann,,Iannotti,,,,,,,,,,,,,,* family ::: * myContacts,,,,,,,,,,,Mobile,401-374-0422,Home,941-374-0422,,,,,,,,,,,,,,,,,,,,,,,,
Antonio,,,,,,,,,,,,,,,,* myContacts,,,,,,,,,,,Mobile,+1 401-523-2064,,,,,,,,,,,,,,,,,,,,,,,,,,